group;time;particles;sd;se;ci;carbon;sdc;sec;cic
Host control;0 to 1;791256.64;885649.7585;626248.95;1002188.632;292.535;362.2013065;256.115;409.8618313
Host control;1 to 2;2838954.075;1185267.639;838110.785;1341231.951;42.83;NA;NA;NA
Host control;2 to 3;3412104.87;1733997.456;1226121.36;1962166.785;62.71;65.84578346;46.56;74.51014922
Treatment;0 to 1;1767742.91;2268960.308;1604397.22;2567523.116;314.88;322.7801035;228.24;365.2533603
Treatment;1 to 2;4039185.14;1019183.961;720671.89;1153294.031;38.65;NA;NA;NA
Treatment;2 to 3;3282168.305;1851687.298;1309340.645;2095342.93;73.3;49.31362692;34.87;55.80259672
